{"cameraMode":{"drawMode":0,"name":"Shaded","section":"Shading Mode"},"sceneLighting":false,"audioPlay":false,"sceneViewState":{"showFog":true,"showMaterialUpdate":false,"showSkybox":false,"showFlares":true,"showImageEffects":true,"showParticleSystems":true},"in2DMode":false,"pivot":{"x":0.9028981328010559,"y":0.5811905860900879,"z":-0.3970067501068115},"rotation":{"x":-0.38644832372665408,"y":0.02325131557881832,"z":-0.009774362668395043,"w":-0.9220025539398193},"size":2.8578836917877199,"orthographic":false}