{"cameraMode":{"drawMode":0,"name":"Shaded","section":"Shading Mode"},"sceneLighting":true,"audioPlay":false,"sceneViewState":{"showFog":true,"showMaterialUpdate":false,"showSkybox":true,"showFlares":true,"showImageEffects":true,"showParticleSystems":true},"in2DMode":false,"pivot":{"x":1.0977414846420289,"y":-2.7291736602783205,"z":-7.768817901611328},"rotation":{"x":0.618930459022522,"y":0.040008872747421268,"z":-0.03159298747777939,"w":0.7838035821914673},"size":16.946557998657228,"orthographic":false}