{"cameraMode":{"drawMode":0,"name":"Shaded","section":"Shading Mode"},"sceneLighting":false,"audioPlay":false,"sceneViewState":{"showFog":true,"showMaterialUpdate":false,"showSkybox":false,"showFlares":true,"showImageEffects":true,"showParticleSystems":true},"in2DMode":false,"pivot":{"x":0.3566247224807739,"y":3.411374092102051,"z":-4.634212970733643},"rotation":{"x":-0.4038185179233551,"y":-0.052344292402267459,"z":0.023178623989224435,"w":-0.9130862355232239},"size":2.8578836917877199,"orthographic":false}