{"cameraMode":{"drawMode":0,"name":"Shaded","section":"Shading Mode"},"sceneLighting":false,"audioPlay":false,"sceneViewState":{"showFog":true,"showMaterialUpdate":false,"showSkybox":false,"showFlares":true,"showImageEffects":true,"showParticleSystems":true},"in2DMode":false,"pivot":{"x":-4.929999828338623,"y":-1.2999999523162842,"z":-4.010000228881836},"rotation":{"x":0.6562174558639526,"y":-0.028275050222873689,"z":0.024619638919830323,"w":0.7536531686782837},"size":1.0104146003723145,"orthographic":false}