{"cameraMode":{"drawMode":0,"name":"Shaded","section":"Shading Mode"},"sceneLighting":false,"audioPlay":false,"sceneViewState":{"showFog":true,"showMaterialUpdate":false,"showSkybox":false,"showFlares":true,"showImageEffects":true,"showParticleSystems":true},"in2DMode":false,"pivot":{"x":-36.5099983215332,"y":-1.2739999294281006,"z":-36.93000030517578},"rotation":{"x":0.13462933897972108,"y":-0.6772956848144531,"z":0.12807033956050874,"w":0.7118847370147705},"size":5.874563694000244,"orthographic":false}