{"cameraMode":{"drawMode":0,"name":"Shaded","section":"Shading Mode"},"sceneLighting":true,"audioPlay":false,"sceneViewState":{"showFog":true,"showMaterialUpdate":false,"showSkybox":true,"showFlares":true,"showImageEffects":true,"showParticleSystems":true},"in2DMode":false,"pivot":{"x":6.9378180503845219,"y":-6.265944957733154,"z":-2.6881065368652345},"rotation":{"x":0.24841958284378053,"y":0.6402330994606018,"z":-0.23073165118694306,"w":0.6893133521080017},"size":16.21519660949707,"orthographic":false}